link,title,price,rating,review
/gp/bestsellers/luggage/2917444031/ref=sr_bs_0_2917444031_1,,,4.1 out of 5 stars,
/American-Tourister-AMT-SCH-02/dp/B07CJCGBVC/ref=sr_1_1?crid=2M096C61O4MLT&keywords=bags&qid=1676115378&sprefix=ba%2Caps%2C283&sr=8-1#customerReviews,American Tourister 32 Ltrs Grey Casual Backpack (AMT FIZZ SCH BAG 02 - GREY),₹999.00,4.1 out of 5 stars,"51,475 ratings"
/gp/goldbox/,,,,
/American-Tourister-AMT-SCH-02/dp/B07CJCGBVC?crid=2M096C61O4MLT&keywords=bags&qid=1676115378&sprefix=ba%2Caps%2C283&sr=8-1&ref_=via_bndl_av,,,,
/Safari-Backpack-Resistant-Polyester-Travelling/dp/B09B26VHXV/ref=sr_1_2?crid=2M096C61O4MLT&keywords=bags&qid=1676115378&sprefix=ba%2Caps%2C283&sr=8-2#customerReviews,,,,
/gp/goldbox/,,,,
/SAFARI-Ltrs-Casual-Backpack-DAYPACKNEO15CBSEB/dp/B07Q7CNPMV/ref=sr_1_3?crid=2M096C61O4MLT&keywords=bags&qid=1676115378&sprefix=ba%2Caps%2C283&sr=8-3#customerReviews,,,,
/gp/goldbox/,,,,
/American-Tourister-AMT-SCH-02/dp/B07CJCGM1M/ref=sxin_15_in_ft_top_brands_non_branded_t1?content-id=amzn1.sym.96f246d6-ce72-46fc-883f-32ffe859766d%3Aamzn1.sym.96f246d6-ce72-46fc-883f-32ffe859766d&crid=2M096C61O4MLT&cv_ct_cx=bags&keywords=bags&pd_rd_i=B07CJCGM1M&pd_rd_r=4cf2547a-0197-4302-b2fc-1e4be47b378a&pd_rd_w=32uTw&pd_rd_wg=2YGGD&pf_rd_p=96f246d6-ce72-46fc-883f-32ffe859766d&pf_rd_r=SJ3AWDERFG4XV5QMCWZV&qid=1676115378&sprefix=ba%2Caps%2C283&sr=1-1-fa25b4f9-cd15-464b-8e7e-380c0a70e7f6#customerReviews,,,,
/gp/goldbox/,,,,
/American-Tourister-Kamiliant-Harrier-Polypropylene/dp/B0BL128M7M/ref=sxin_15_in_ft_top_brands_non_branded_t1?content-id=amzn1.sym.96f246d6-ce72-46fc-883f-32ffe859766d%3Aamzn1.sym.96f246d6-ce72-46fc-883f-32ffe859766d&crid=2M096C61O4MLT&cv_ct_cx=bags&keywords=bags&pd_rd_i=B0BL128M7M&pd_rd_r=4cf2547a-0197-4302-b2fc-1e4be47b378a&pd_rd_w=32uTw&pd_rd_wg=2YGGD&pf_rd_p=96f246d6-ce72-46fc-883f-32ffe859766d&pf_rd_r=SJ3AWDERFG4XV5QMCWZV&qid=1676115378&sprefix=ba%2Caps%2C283&sr=1-2-fa25b4f9-cd15-464b-8e7e-380c0a70e7f6#customerReviews,,,,
/gp/goldbox/,,,,
/American-Tourister-Polypropylene-Hardside-Suitcase/dp/B0B3HV8JZK/ref=sxin_15_in_ft_top_brands_non_branded_t1?content-id=amzn1.sym.96f246d6-ce72-46fc-883f-32ffe859766d%3Aamzn1.sym.96f246d6-ce72-46fc-883f-32ffe859766d&crid=2M096C61O4MLT&cv_ct_cx=bags&keywords=bags&pd_rd_i=B0B3HV8JZK&pd_rd_r=4cf2547a-0197-4302-b2fc-1e4be47b378a&pd_rd_w=32uTw&pd_rd_wg=2YGGD&pf_rd_p=96f246d6-ce72-46fc-883f-32ffe859766d&pf_rd_r=SJ3AWDERFG4XV5QMCWZV&qid=1676115378&sprefix=ba%2Caps%2C283&sr=1-3-fa25b4f9-cd15-464b-8e7e-380c0a70e7f6#customerReviews,,,,
/gp/goldbox/,,,,
/American-Tourister-Kamiliant-Harrier-Polypropylene/dp/B0BB2LX7LW/ref=sxin_15_in_ft_top_brands_non_branded_t1?content-id=amzn1.sym.96f246d6-ce72-46fc-883f-32ffe859766d%3Aamzn1.sym.96f246d6-ce72-46fc-883f-32ffe859766d&crid=2M096C61O4MLT&cv_ct_cx=bags&keywords=bags&pd_rd_i=B0BB2LX7LW&pd_rd_r=4cf2547a-0197-4302-b2fc-1e4be47b378a&pd_rd_w=32uTw&pd_rd_wg=2YGGD&pf_rd_p=96f246d6-ce72-46fc-883f-32ffe859766d&pf_rd_r=SJ3AWDERFG4XV5QMCWZV&qid=1676115378&sprefix=ba%2Caps%2C283&sr=1-4-fa25b4f9-cd15-464b-8e7e-380c0a70e7f6#customerReviews,,,,
/gp/goldbox/,,,,
/American-Tourister-Kamiliant-Harrier-Polypropylene/dp/B0BB2Q4HZ6/ref=sxin_15_in_ft_top_brands_non_branded_t1?content-id=amzn1.sym.96f246d6-ce72-46fc-883f-32ffe859766d%3Aamzn1.sym.96f246d6-ce72-46fc-883f-32ffe859766d&crid=2M096C61O4MLT&cv_ct_cx=bags&keywords=bags&pd_rd_i=B0BB2Q4HZ6&pd_rd_r=4cf2547a-0197-4302-b2fc-1e4be47b378a&pd_rd_w=32uTw&pd_rd_wg=2YGGD&pf_rd_p=96f246d6-ce72-46fc-883f-32ffe859766d&pf_rd_r=SJ3AWDERFG4XV5QMCWZV&qid=1676115378&sprefix=ba%2Caps%2C283&sr=1-5-fa25b4f9-cd15-464b-8e7e-380c0a70e7f6#customerReviews,American Tourister Kamiliant Harrier Spinner Polypropylene (PP) 68 Cm Medium Ribbon Blue Check-in Hard Luggage Check-in,"₹2,699.00",4.1 out of 5 stars,126 ratings
/gp/goldbox/,,,,
/Skybags-Brat-Black-Casual-Backpack/dp/B08Z1HHHTD/ref=sr_1_4?crid=2M096C61O4MLT&keywords=bags&qid=1676115378&sprefix=ba%2Caps%2C283&sr=8-4#customerReviews,Skybags Brat Black 46 Cms Casual Backpack,₹669.00,4.1 out of 5 stars,"3,412 ratings"
/gp/goldbox/,,,,
/gp/bestsellers/computers/1375464031/ref=sr_bs_4_1375464031_1,,,4.3 out of 5 stars,
/Wesley-Milestone-Waterproof-Backpack-Business/dp/B084JGJ8PF/ref=sr_1_5?crid=2M096C61O4MLT&keywords=bags&qid=1676115378&sprefix=ba%2Caps%2C283&sr=8-5#customerReviews,,,,
/ADISA-Laptop-Backpack-Office-College/dp/B09TPX22NF/ref=sr_1_6?crid=2M096C61O4MLT&keywords=bags&qid=1676115378&sprefix=ba%2Caps%2C283&sr=8-6#customerReviews,ADISA 15.6 inch Laptop Backpack Office Bag College Travel Back Pack 32 Ltrs (z-Navy Blue),₹499.00,3.9 out of 5 stars,468 ratings
/gp/goldbox/,,,,
/Safari-Laptop-Backpack-Resistant-Fabric/dp/B09B25Z8M2/ref=sr_1_7?crid=2M096C61O4MLT&keywords=bags&qid=1676115378&sprefix=ba%2Caps%2C283&sr=8-7#customerReviews,,,,
/gp/goldbox/,,,,
/Backpack-Small-Black-Water-Repellant/dp/B088XB5XY8/ref=sr_1_8?crid=2M096C61O4MLT&keywords=bags&qid=1676115378&sprefix=ba%2Caps%2C283&sr=8-8#customerReviews,,,,
/gp/goldbox/,,,,
/Half-Moon-Waterproof-Backpack-Students/dp/B085MHDJ93/ref=sr_1_9?crid=2M096C61O4MLT&keywords=bags&qid=1676115378&sprefix=ba%2Caps%2C283&sr=8-9#customerReviews,,,,
/gp/goldbox/,,,,
/FUR-JADEN-Leatherette-Polypropylene-DUFF05/dp/B07M9BRCQ5/ref=sr_1_10?crid=2M096C61O4MLT&keywords=bags&qid=1676115378&sprefix=ba%2Caps%2C283&sr=8-10#customerReviews,,,,
/gp/goldbox/,,,,
/Kuber-Industries-Handcrafted-Embroidered-Handbag/dp/B082VDVJGM/ref=sxin_24?asc_contentid=amzn1.osa.0538446c-4d65-4d18-896a-0a51a79ab27a.A21TJRUUN4KGV.en_IN&asc_contenttype=article&ascsubtag=amzn1.osa.0538446c-4d65-4d18-896a-0a51a79ab27a.A21TJRUUN4KGV.en_IN&content-id=amzn1.sym.feb2b32b-0085-4665-973c-36b431684408%3Aamzn1.sym.feb2b32b-0085-4665-973c-36b431684408&creativeASIN=B082VDVJGM&crid=2M096C61O4MLT&cv_ct_cx=bags&cv_ct_id=amzn1.osa.0538446c-4d65-4d18-896a-0a51a79ab27a.A21TJRUUN4KGV.en_IN&cv_ct_pg=search&cv_ct_we=asin&cv_ct_wn=osp-single-source-pecos-desktop&keywords=bags&linkCode=oas&pd_rd_i=B082VDVJGM&pd_rd_r=4cf2547a-0197-4302-b2fc-1e4be47b378a&pd_rd_w=AEkqb&pd_rd_wg=2YGGD&pf_rd_p=feb2b32b-0085-4665-973c-36b431684408&pf_rd_r=SJ3AWDERFG4XV5QMCWZV&qid=1676115378&sprefix=ba%2Caps%2C283&sr=1-1-c84eb971-91f2-4a4d-acce-811265c24254&tag=idivaosp-21#customerReviews,Kuber Industries Women's Handkerchief Set (Cream),₹313.00,3.8 out of 5 stars,473 ratings
/gp/goldbox/,,,,
/Fiesto-Fashion-Womens-Handbag-FIESTO33_Blue/dp/B082Z33ZDS/ref=sxin_24?asc_contentid=amzn1.osa.0538446c-4d65-4d18-896a-0a51a79ab27a.A21TJRUUN4KGV.en_IN&asc_contenttype=article&ascsubtag=amzn1.osa.0538446c-4d65-4d18-896a-0a51a79ab27a.A21TJRUUN4KGV.en_IN&content-id=amzn1.sym.feb2b32b-0085-4665-973c-36b431684408%3Aamzn1.sym.feb2b32b-0085-4665-973c-36b431684408&creativeASIN=B082Z33ZDS&crid=2M096C61O4MLT&cv_ct_cx=bags&cv_ct_id=amzn1.osa.0538446c-4d65-4d18-896a-0a51a79ab27a.A21TJRUUN4KGV.en_IN&cv_ct_pg=search&cv_ct_we=asin&cv_ct_wn=osp-single-source-pecos-desktop&keywords=bags&linkCode=oas&pd_rd_i=B082Z33ZDS&pd_rd_r=4cf2547a-0197-4302-b2fc-1e4be47b378a&pd_rd_w=AEkqb&pd_rd_wg=2YGGD&pf_rd_p=feb2b32b-0085-4665-973c-36b431684408&pf_rd_r=SJ3AWDERFG4XV5QMCWZV&qid=1676115378&sprefix=ba%2Caps%2C283&sr=1-2-c84eb971-91f2-4a4d-acce-811265c24254&tag=idivaosp-21#customerReviews,,,,
/ADISA-women-girls-black-embroided/dp/B08RWBP3H2/ref=sxin_24?asc_contentid=amzn1.osa.0538446c-4d65-4d18-896a-0a51a79ab27a.A21TJRUUN4KGV.en_IN&asc_contenttype=article&ascsubtag=amzn1.osa.0538446c-4d65-4d18-896a-0a51a79ab27a.A21TJRUUN4KGV.en_IN&content-id=amzn1.sym.feb2b32b-0085-4665-973c-36b431684408%3Aamzn1.sym.feb2b32b-0085-4665-973c-36b431684408&creativeASIN=B08RWBP3H2&crid=2M096C61O4MLT&cv_ct_cx=bags&cv_ct_id=amzn1.osa.0538446c-4d65-4d18-896a-0a51a79ab27a.A21TJRUUN4KGV.en_IN&cv_ct_pg=search&cv_ct_we=asin&cv_ct_wn=osp-single-source-pecos-desktop&keywords=bags&linkCode=oas&pd_rd_i=B08RWBP3H2&pd_rd_r=4cf2547a-0197-4302-b2fc-1e4be47b378a&pd_rd_w=AEkqb&pd_rd_wg=2YGGD&pf_rd_p=feb2b32b-0085-4665-973c-36b431684408&pf_rd_r=SJ3AWDERFG4XV5QMCWZV&qid=1676115378&sprefix=ba%2Caps%2C283&sr=1-3-c84eb971-91f2-4a4d-acce-811265c24254&tag=idivaosp-21#customerReviews,,,,
/Lapis-Lupo-Flower-Embroidery-Handbag/dp/B07RXYSJHF/ref=sxin_24?asc_contentid=amzn1.osa.0538446c-4d65-4d18-896a-0a51a79ab27a.A21TJRUUN4KGV.en_IN&asc_contenttype=article&ascsubtag=amzn1.osa.0538446c-4d65-4d18-896a-0a51a79ab27a.A21TJRUUN4KGV.en_IN&content-id=amzn1.sym.feb2b32b-0085-4665-973c-36b431684408%3Aamzn1.sym.feb2b32b-0085-4665-973c-36b431684408&creativeASIN=B07RXYSJHF&crid=2M096C61O4MLT&cv_ct_cx=bags&cv_ct_id=amzn1.osa.0538446c-4d65-4d18-896a-0a51a79ab27a.A21TJRUUN4KGV.en_IN&cv_ct_pg=search&cv_ct_we=asin&cv_ct_wn=osp-single-source-pecos-desktop&keywords=bags&linkCode=oas&pd_rd_i=B07RXYSJHF&pd_rd_r=4cf2547a-0197-4302-b2fc-1e4be47b378a&pd_rd_w=AEkqb&pd_rd_wg=2YGGD&pf_rd_p=feb2b32b-0085-4665-973c-36b431684408&pf_rd_r=SJ3AWDERFG4XV5QMCWZV&qid=1676115378&sprefix=ba%2Caps%2C283&sr=1-4-c84eb971-91f2-4a4d-acce-811265c24254&tag=idivaosp-21#customerReviews,Lapis O Lupo Women Vegan Leather Handbags Flower Embroidered Bags Fashion Satchel Bags Top Handle,"₹1,039.00",4.2 out of 5 stars,"3,604 ratings"
/MosQuick%C2%AE-Drawstring-Organizing-Stationery-multipurpose/dp/B09SB5DP5Y/ref=sxin_25_trfob_0_B09SB5DP5Y?content-id=amzn1.sym.663389f5-ce48-431d-bf46-d5a988f9fcee%3Aamzn1.sym.663389f5-ce48-431d-bf46-d5a988f9fcee&crid=2M096C61O4MLT&cv_ct_cx=bags&keywords=bags&pd_rd_i=B09SB5DP5Y&pd_rd_r=4cf2547a-0197-4302-b2fc-1e4be47b378a&pd_rd_w=4YKRH&pd_rd_wg=2YGGD&pf_rd_p=663389f5-ce48-431d-bf46-d5a988f9fcee&pf_rd_r=SJ3AWDERFG4XV5QMCWZV&qid=1676115378&sprefix=ba%2Caps%2C283&sr=1-1-cc7a04fe-cc55-42ad-b883-1b910070c86a#customerReviews,,,,
/School-Backpack-Cartoon-Travel-Toddler/dp/B08WWG91Q3/ref=sxin_25_trfob_1_B08WWG91Q3?content-id=amzn1.sym.663389f5-ce48-431d-bf46-d5a988f9fcee%3Aamzn1.sym.663389f5-ce48-431d-bf46-d5a988f9fcee&crid=2M096C61O4MLT&cv_ct_cx=bags&keywords=bags&pd_rd_i=B08WWG91Q3&pd_rd_r=4cf2547a-0197-4302-b2fc-1e4be47b378a&pd_rd_w=4YKRH&pd_rd_wg=2YGGD&pf_rd_p=663389f5-ce48-431d-bf46-d5a988f9fcee&pf_rd_r=SJ3AWDERFG4XV5QMCWZV&qid=1676115378&sprefix=ba%2Caps%2C283&sr=1-2-cc7a04fe-cc55-42ad-b883-1b910070c86a#customerReviews,,,,
/gp/goldbox/,,,,
/Blue-Tree-Velvet-Spiderman-School/dp/B07HLYW3FF/ref=sxin_25_trfob_2_B07HLYW3FF?content-id=amzn1.sym.663389f5-ce48-431d-bf46-d5a988f9fcee%3Aamzn1.sym.663389f5-ce48-431d-bf46-d5a988f9fcee&crid=2M096C61O4MLT&cv_ct_cx=bags&keywords=bags&pd_rd_i=B07HLYW3FF&pd_rd_r=4cf2547a-0197-4302-b2fc-1e4be47b378a&pd_rd_w=4YKRH&pd_rd_wg=2YGGD&pf_rd_p=663389f5-ce48-431d-bf46-d5a988f9fcee&pf_rd_r=SJ3AWDERFG4XV5QMCWZV&qid=1676115378&sprefix=ba%2Caps%2C283&sr=1-3-cc7a04fe-cc55-42ad-b883-1b910070c86a#customerReviews,Blue Tree 10 Ltrs ( Cms)Backpack(Bluetree_Backpacks_034_Multi Colour),₹288.00,4.0 out of 5 stars,"1,045 ratings"
/gp/goldbox/,,,,
/Blue-Tree-Backpack-Cartoon-Toddler/dp/B097NJV1WY/ref=sxin_25_trfob_3_B097NJV1WY?content-id=amzn1.sym.663389f5-ce48-431d-bf46-d5a988f9fcee%3Aamzn1.sym.663389f5-ce48-431d-bf46-d5a988f9fcee&crid=2M096C61O4MLT&cv_ct_cx=bags&keywords=bags&pd_rd_i=B097NJV1WY&pd_rd_r=4cf2547a-0197-4302-b2fc-1e4be47b378a&pd_rd_w=4YKRH&pd_rd_wg=2YGGD&pf_rd_p=663389f5-ce48-431d-bf46-d5a988f9fcee&pf_rd_r=SJ3AWDERFG4XV5QMCWZV&qid=1676115378&sprefix=ba%2Caps%2C283&sr=1-4-cc7a04fe-cc55-42ad-b883-1b910070c86a#customerReviews,,,,
/gp/goldbox/,,,,
/Backpack-Toddler-Animal-Cartoon-Elephant/dp/B089W1H71S/ref=sxin_25_trfob_4_B089W1H71S?content-id=amzn1.sym.663389f5-ce48-431d-bf46-d5a988f9fcee%3Aamzn1.sym.663389f5-ce48-431d-bf46-d5a988f9fcee&crid=2M096C61O4MLT&cv_ct_cx=bags&keywords=bags&pd_rd_i=B089W1H71S&pd_rd_r=4cf2547a-0197-4302-b2fc-1e4be47b378a&pd_rd_w=4YKRH&pd_rd_wg=2YGGD&pf_rd_p=663389f5-ce48-431d-bf46-d5a988f9fcee&pf_rd_r=SJ3AWDERFG4XV5QMCWZV&qid=1676115378&sprefix=ba%2Caps%2C283&sr=1-5-cc7a04fe-cc55-42ad-b883-1b910070c86a#customerReviews,blue tree 18 ltrs (38 Cms) backpack(INVALID DATA_grey),₹288.00,4.0 out of 5 stars,206 ratings
/gp/goldbox/,,,,
/Backpack-Toddler-Animal-Cartoon-Red-Stawberry/dp/B089WFG3BK/ref=sxin_25_trfob_5_B089WFG3BK?content-id=amzn1.sym.663389f5-ce48-431d-bf46-d5a988f9fcee%3Aamzn1.sym.663389f5-ce48-431d-bf46-d5a988f9fcee&crid=2M096C61O4MLT&cv_ct_cx=bags&keywords=bags&pd_rd_i=B089WFG3BK&pd_rd_r=4cf2547a-0197-4302-b2fc-1e4be47b378a&pd_rd_w=4YKRH&pd_rd_wg=2YGGD&pf_rd_p=663389f5-ce48-431d-bf46-d5a988f9fcee&pf_rd_r=SJ3AWDERFG4XV5QMCWZV&qid=1676115378&sprefix=ba%2Caps%2C283&sr=1-6-cc7a04fe-cc55-42ad-b883-1b910070c86a#customerReviews,,,,
/Blue-Tree-Backpack-Children-Elephant/dp/B08ZVRKQHK/ref=sxin_25_trfob_6_B08ZVRKQHK?content-id=amzn1.sym.663389f5-ce48-431d-bf46-d5a988f9fcee%3Aamzn1.sym.663389f5-ce48-431d-bf46-d5a988f9fcee&crid=2M096C61O4MLT&cv_ct_cx=bags&keywords=bags&pd_rd_i=B08ZVRKQHK&pd_rd_r=4cf2547a-0197-4302-b2fc-1e4be47b378a&pd_rd_w=4YKRH&pd_rd_wg=2YGGD&pf_rd_p=663389f5-ce48-431d-bf46-d5a988f9fcee&pf_rd_r=SJ3AWDERFG4XV5QMCWZV&qid=1676115378&sprefix=ba%2Caps%2C283&sr=1-7-cc7a04fe-cc55-42ad-b883-1b910070c86a#customerReviews,Blue Tree Kids School Bag Combo Soft Plush Backpack Cartoon Bags Mini Travel Bag for Children Girls Boys (Ch Elephant & Green Panda),₹399,5.0 out of 5 stars,1 rating
/gp/goldbox/,,,,
/Amazon-Brand-Solimo-so_flingyrqba_6-Gym/dp/B084DQ182R/ref=sxin_25_trfob_7_B084DQ182R?content-id=amzn1.sym.663389f5-ce48-431d-bf46-d5a988f9fcee%3Aamzn1.sym.663389f5-ce48-431d-bf46-d5a988f9fcee&crid=2M096C61O4MLT&cv_ct_cx=bags&keywords=bags&pd_rd_i=B084DQ182R&pd_rd_r=4cf2547a-0197-4302-b2fc-1e4be47b378a&pd_rd_w=4YKRH&pd_rd_wg=2YGGD&pf_rd_p=663389f5-ce48-431d-bf46-d5a988f9fcee&pf_rd_r=SJ3AWDERFG4XV5QMCWZV&qid=1676115378&sprefix=ba%2Caps%2C283&sr=1-8-cc7a04fe-cc55-42ad-b883-1b910070c86a#customerReviews,Amazon Brand - Solimo Polyester Duffel Gym Bag with Shoe Compartment,₹549.00,4.2 out of 5 stars,95 ratings
/Lunars-Bingo-Laptop-Resistant-48L/dp/B08YZ8FFBZ/ref=sr_1_11?crid=2M096C61O4MLT&keywords=bags&qid=1676115378&sprefix=ba%2Caps%2C283&sr=8-11#customerReviews,Lunar's Bingo - 48 L Laptop Office/School/Travel/Business Backpack Water Resistant - Fits Up to 15.6 Inch Laptop Notebook with 1 Year Warranty,₹899.00,3.9 out of 5 stars,"8,797 ratings"
/gp/goldbox/,,,,
/GEAR-Black-Blue-Backpack-years/dp/B019HA8AYG/ref=sr_1_12?crid=2M096C61O4MLT&keywords=bags&qid=1676115378&sprefix=ba%2Caps%2C283&sr=8-12#customerReviews,,,,
/Half-Moon-Backpack-Luggage-Compartment/dp/B09VCLZ3K4/ref=sr_1_13?crid=2M096C61O4MLT&keywords=bags&qid=1676115378&sprefix=ba%2Caps%2C283&sr=8-13#customerReviews,Half Moon Large 37L Laptop Bag Backpack for menं Women Boys and Girls Luggage Travel Bags with 17.3 inches Laptop Compartment & Rain Cover,₹849.00,3.9 out of 5 stars,"2,148 ratings"
/gp/goldbox/,,,,
/ADISA-BP004-Weight-Casual-Backpack/dp/B07G3CG9FC/ref=sr_1_14?crid=2M096C61O4MLT&keywords=bags&qid=1676115378&sprefix=ba%2Caps%2C283&sr=8-14#customerReviews,,,,
/Step-Backpack-Small-Water-Repellant/dp/B088XH1BP7/ref=sr_1_15?crid=2M096C61O4MLT&keywords=bags&qid=1676115378&sprefix=ba%2Caps%2C283&sr=8-15#customerReviews,,,,
/gp/goldbox/,,,,
/gp/bestsellers/luggage/1984997031/ref=sr_bs_15_1984997031_1,,,4.2 out of 5 stars,
/Rucksack-Travel-Backpack-Trekking-Compartment/dp/B07YDGQQN5/ref=sr_1_16?crid=2M096C61O4MLT&keywords=bags&qid=1676115378&sprefix=ba%2Caps%2C283&sr=8-16#customerReviews,,,,
/gp/goldbox/,,,,
